[
	{
		"inputs": [
			{
				"internalType": "uint256",
				"name": "_id",
				"type": "uint256"
			},
			{
				"internalType": "uint256",
				"name": "_endIn",
				"type": "uint256"
			}
		],
		"name": "activateRaffle",
		"outputs": [],
		"stateMutability": "nonpayable",
		"type": "function"
	},
	{
		"inputs": [
			{
				"internalType": "string",
				"name": "_name",
				"type": "string"
			},
			{
				"internalType": "string",
				"name": "_imgCid",
				"type": "string"
			},
			{
				"internalType": "uint256",
				"name": "_cost",
				"type": "uint256"
			},
			{
				"internalType": "uint256",
				"name": "_totalTicket",
				"type": "uint256"
			},
			{
				"internalType": "enum RaffleContract.TicketsLimit",
				"name": "_ticketLimit",
				"type": "uint8"
			}
		],
		"name": "createRaffle",
		"outputs": [],
		"stateMutability": "nonpayable",
		"type": "function"
	},
	{
		"inputs": [
			{
				"internalType": "uint256",
				"name": "_id",
				"type": "uint256"
			}
		],
		"name": "drawWinner",
		"outputs": [],
		"stateMutability": "nonpayable",
		"type": "function"
	},
	{
		"inputs": [
			{
				"internalType": "contract IERC20",
				"name": "_token",
				"type": "address"
			}
		],
		"stateMutability": "nonpayable",
		"type": "constructor"
	},
	{
		"inputs": [],
		"name": "InvalidPurchaseQuantity",
		"type": "error"
	},
	{
		"inputs": [
			{
				"internalType": "uint256",
				"name": "_id",
				"type": "uint256"
			},
			{
				"internalType": "uint256",
				"name": "_quantity",
				"type": "uint256"
			}
		],
		"name": "purchaseTicket",
		"outputs": [],
		"stateMutability": "nonpayable",
		"type": "function"
	},
	{
		"inputs": [],
		"name": "RaffleCannotBeDrawned",
		"type": "error"
	},
	{
		"inputs": [],
		"name": "RaffleDrawned",
		"type": "error"
	},
	{
		"inputs": [],
		"name": "RaffleEnded",
		"type": "error"
	},
	{
		"inputs": [],
		"name": "RaffleIdDoesNotExist",
		"type": "error"
	},
	{
		"inputs": [],
		"name": "RaffleInProgress",
		"type": "error"
	},
	{
		"inputs": [],
		"name": "RaffleIsLimtedToSingle",
		"type": "error"
	},
	{
		"inputs": [],
		"name": "RaffleIsNotActive",
		"type": "error"
	},
	{
		"inputs": [],
		"name": "RaffleMaxLimitReached",
		"type": "error"
	},
	{
		"inputs": [],
		"name": "TokenWithdrawFailed",
		"type": "error"
	},
	{
		"anonymous": false,
		"inputs": [
			{
				"indexed": true,
				"internalType": "address",
				"name": "previousOwner",
				"type": "address"
			},
			{
				"indexed": true,
				"internalType": "address",
				"name": "newOwner",
				"type": "address"
			}
		],
		"name": "OwnershipTransferred",
		"type": "event"
	},
	{
		"anonymous": false,
		"inputs": [
			{
				"indexed": true,
				"internalType": "uint256",
				"name": "id",
				"type": "uint256"
			},
			{
				"indexed": false,
				"internalType": "string",
				"name": "name",
				"type": "string"
			},
			{
				"indexed": false,
				"internalType": "uint256",
				"name": "totalNumber",
				"type": "uint256"
			}
		],
		"name": "RaffleCreated",
		"type": "event"
	},
	{
		"anonymous": false,
		"inputs": [
			{
				"indexed": true,
				"internalType": "uint256",
				"name": "id",
				"type": "uint256"
			},
			{
				"indexed": false,
				"internalType": "address",
				"name": "winner",
				"type": "address"
			}
		],
		"name": "RaffleDraw",
		"type": "event"
	},
	{
		"inputs": [],
		"name": "renounceOwnership",
		"outputs": [],
		"stateMutability": "nonpayable",
		"type": "function"
	},
	{
		"anonymous": false,
		"inputs": [
			{
				"indexed": true,
				"internalType": "uint256",
				"name": "id",
				"type": "uint256"
			},
			{
				"indexed": false,
				"internalType": "address",
				"name": "buyer",
				"type": "address"
			},
			{
				"indexed": false,
				"internalType": "uint256",
				"name": "quantity",
				"type": "uint256"
			}
		],
		"name": "TicketPurchased",
		"type": "event"
	},
	{
		"inputs": [
			{
				"internalType": "address",
				"name": "newOwner",
				"type": "address"
			}
		],
		"name": "transferOwnership",
		"outputs": [],
		"stateMutability": "nonpayable",
		"type": "function"
	},
	{
		"inputs": [],
		"name": "withdrawToken",
		"outputs": [],
		"stateMutability": "nonpayable",
		"type": "function"
	},
	{
		"inputs": [],
		"name": "owner",
		"outputs": [
			{
				"internalType": "address",
				"name": "",
				"type": "address"
			}
		],
		"stateMutability": "view",
		"type": "function"
	},
	{
		"inputs": [
			{
				"internalType": "uint256",
				"name": "_id",
				"type": "uint256"
			}
		],
		"name": "raffleById",
		"outputs": [
			{
				"components": [
					{
						"internalType": "string",
						"name": "name",
						"type": "string"
					},
					{
						"internalType": "string",
						"name": "imgCid",
						"type": "string"
					},
					{
						"internalType": "uint256",
						"name": "cost",
						"type": "uint256"
					},
					{
						"internalType": "uint256",
						"name": "totalTickets",
						"type": "uint256"
					},
					{
						"internalType": "uint256",
						"name": "endIn",
						"type": "uint256"
					},
					{
						"internalType": "enum RaffleContract.RaffleStatus",
						"name": "status",
						"type": "uint8"
					},
					{
						"internalType": "enum RaffleContract.TicketsLimit",
						"name": "ticketLimit",
						"type": "uint8"
					},
					{
						"internalType": "address",
						"name": "winner",
						"type": "address"
					},
					{
						"internalType": "address[]",
						"name": "participants",
						"type": "address[]"
					}
				],
				"internalType": "struct RaffleContract.Raffle",
				"name": "",
				"type": "tuple"
			}
		],
		"stateMutability": "view",
		"type": "function"
	},
	{
		"inputs": [
			{
				"internalType": "uint256",
				"name": "_id",
				"type": "uint256"
			},
			{
				"internalType": "address",
				"name": "_address",
				"type": "address"
			}
		],
		"name": "ticketPurchasedById",
		"outputs": [
			{
				"internalType": "uint256",
				"name": "",
				"type": "uint256"
			}
		],
		"stateMutability": "view",
		"type": "function"
	},
	{
		"inputs": [],
		"name": "token",
		"outputs": [
			{
				"internalType": "contract IERC20",
				"name": "",
				"type": "address"
			}
		],
		"stateMutability": "view",
		"type": "function"
	},
	{
		"inputs": [],
		"name": "totalRaffle",
		"outputs": [
			{
				"internalType": "uint256",
				"name": "",
				"type": "uint256"
			}
		],
		"stateMutability": "view",
		"type": "function"
	}
]